Type,Name,Ident,Latitude,Longitude,Elevation,Magnetic Declination,Tags,Description,Region,Visible From,Last Edit,Import Filenam
Location,African Savanna,,-22.3439978,28.8267114,2247.783903,,,Footage Locations,,,,
Location,Ahmedabad (India),,23.0792925,72.5348625,246.8398816,,,Footage Locations,,,,
Location,Airport Remy de Haenen (Saint-Barthelemy),,17.9045358,-62.8470417,106.5525079,,,Footage Locations,,,,
Location,Aix-les-Bains (France),,45.6572883,5.8686206,761.15488,,,Footage Locations,,,,
Location,Ajaccio Corse (France),,41.9064531,8.7168869,0,,,Footage Locations,,,,
Location,Alice Springs Airport (Austrailia),,-23.8008154,133.8912879,1793.566383,,,Footage Locations,,,,
Location,Ambergris Cay - Turks and Caicos Islands,,21.2939547,-71.654622,0,,,Footage Locations,,,,
Location,Anaga Mountains - Tenerife (Spain),,28.5724977,-16.3060298,0.285585188,,,Footage Locations,,,,
Location,Andes - San Juan Province (Argentina),,-32.5308124,-69.8172822,12589.95757,,,Footage Locations,,,,
Location,Androy region (Madagascar),,-25.5106073,45.3118475,487.4282152,,,Footage Locations,,,,
Location,Apurimac River (Peru),,-13.1553228,-73.4145864,2681.29092,,,Footage Locations,,,,
Location,Arcachon (France),,44.696345,-1.1617616,0,,,Footage Locations,,,,
Location,Arches National Park (USA),,38.788213,-109.6772657,5160.981191,,,Footage Locations,,,,
Location,Argeles-Gazost (France),,43.0062078,-0.0519303,3017.230994,,,Footage Locations,,,,
Location,Aspen (USA),,39.1866571,-106.8216754,7966.416181,,,Footage Locations,,,,
Location,Athens (Greece),,37.9731236,23.7305252,257.0217946,,,Footage Locations,,,,
Location,Avachinsky - Kamchatka (Russia),,53.2367888,158.8487943,6861.828801,,,Footage Locations,,,,
Location,Ayers Rock (Australia),,-25.3485049,131.0387439,2251.016484,,,Footage Locations,,,,
Location,Baltimore Washington Int'l Airport (USA),,39.1837421,-76.6705652,157.9303617,,,Footage Locations,,,,
Location,Bankok (Thailand),,13.7408924,100.4925388,9.43732417,,,Footage Locations,,,,
Location,Barringer Crater Arizona (USA),,35.0374029,-111.0211278,5527.02193,,,Footage Locations,,,,
Location,Benedita (Portugal),,39.3729207,-8.9784534,548.4560143,,,Footage Locations,,,,
Location,Biarritz (France),,43.5005002,-1.5701276,-12.82342034,,,Footage Locations,,,,
Location,Big Sur coastline (USA),,36.2115668,-121.6955668,3183.602262,,,Footage Locations,,,,
Location,Bonita Springs (USA),,26.441172,-81.8147844,13.21618055,,,Footage Locations,,,,
Location,Bozel (France),,45.4433926,6.6620219,2849.330843,,,Footage Locations,,,,
Location,Bucharest (Romania),,44.4285015,26.1049545,234.6234634,,,Footage Locations,,,,
Location,Burj Khalifa Dubai (UAE),,25.1985837,55.2737135,28.07064096,,,Footage Locations,,,,
Location,Cabane Vauban (France),,48.7319948,-1.5363583,150.6689701,,,Footage Locations,,,,
Location,Canas (Costa Rica),,10.3564018,-85.0258142,707.2228185,,,Footage Locations,,,,
Location,Cantabria (Spain),,43.4482115,-3.9570273,128.8128691,,,Footage Locations,,,,
Location,Cape Coral (USA),,26.5730365,-82.0379585,2.142061937,,,Footage Locations,,,,
Location,Cape Town (South Africa),,-33.8646976,18.500799,36.10928656,,,Footage Locations,,,,
Location,Caraguatatuba (Brazil),,-23.6596058,-45.4245143,-0.01286604,,,Footage Locations,,,,
Location,Castilla (Spain),,40.477444,-3.6779081,2371.198074,,,Footage Locations,,,,
Location,Catania (Italy),,37.5199451,15.1077287,47.73431715,,,Footage Locations,,,,
Location,Cavarzere (Italy),,45.1462056,12.1097644,-9.45851589,,,Footage Locations,,,,
Location,Cerne Giant (UK),,50.8124206,-2.4747704,484.6985038,,,Footage Locations,,,,
Location,Chalet Refuge du clot (France),,42.8609458,-0.1481226,7025.022556,,,Footage Locations,,,,
Location,Chambery Airport (France),,45.6477463,5.8793601,770.5576084,,,Footage Locations,,,,
Location,Chicago O'Hare Airport (USA),,41.9658116,-87.9310475,666.8394908,,,Footage Locations,,,,
Location,Chiquitos Airport (Bolivia),,-18.4173817,-61.7775941,971.2482873,,,Footage Locations,,,,
Location,Colca Canyon (Peru),,-15.60128,-71.8368847,10226.34063,,,Footage Locations,,,,
Location,Colorado River Delta (Mexico),,31.8900997,-114.7527567,0,,,Footage Locations,,,,
Location,Colta (Peru),,-15.177939,-73.3109088,8474.146996,,,Footage Locations,,,,
Location,Courchevel Airport (France),,45.3965108,6.6333127,6588.013227,,,Footage Locations,,,,
Location,Cristo Redentor (Brazil),,-22.9517424,-43.2100997,2138.458881,,,Footage Locations,,,,
Location,Discovery Bay (USA),,48.0004447,-122.7806088,122.4767669,,,Footage Locations,,,,
Location,Disneyworld Florida (USA),,28.375981,-81.5512584,104.1803806,,,Footage Locations,,,,
Location,Dongxingpucun (China),,40.730722,115.8895672,2774.395368,,,Footage Locations,,,,
Location,Dubai (UAE),,25.0998863,55.177754,4.13471411,,,Footage Locations,,,,
Location,Dune 45 (Namibia),,-24.718086,15.4337348,1953.292068,,,Footage Locations,,,,
Location,Dunedin (USA),,28.0143991,-82.7873724,22.20519173,,,Footage Locations,,,,
Location,Edwards Air Base (USA),,34.9605869,-117.8101278,2273.746673,,,Footage Locations,,,,
Location,El hierro (Spain),,27.7545612,-18.0244046,770.1938605,,,Footage Locations,,,,
Location,Elim Dune (Namibia),,-24.45524,15.8129896,2839.857378,,,Footage Locations,,,,
Location,Endoume (France),,43.2826896,5.3535472,111.2681021,,,Footage Locations,,,,
Location,Farm Whitwater East Landing Strip (Namibia),,-24.6310503,15.949802,2856.242754,,,Footage Locations,,,,
Location,Figari corsica (France),,41.4630286,9.0214066,0,,,Footage Locations,,,,
Location,Fish Lake Valley - Nevada (USA),,37.3869882,-117.8904741,5024.390594,,,Footage Locations,,,,
Location,Fish River Canyon (Namibia),,-27.5820174,17.5945905,1512.722454,,,Footage Locations,,,,
Location,Florence (Italy),,43.7700662,11.2586741,155.6968113,,,Footage Locations,,,,
Location,Florence Preetola Airport (Italy),,43.8151088,11.2132794,144.7837105,,,Footage Locations,,,,
Location,Florida Keys (USA),,24.8646581,-80.756455,-8.953594134,,,Footage Locations,,,,
Location,Fogo (Cape Verde),,14.9508172,-24.3307569,6934.037718,,,Footage Locations,,,,
Location,French Riviera (France),,43.4483847,6.9930201,-1951.067128,,,Footage Locations,,,,
Location,Fuorigrotta (Italy),,40.7769871,14.1708879,-199.2040608,,,Footage Locations,,,,
Location,Garonne (France),,44.7567413,-0.5274092,20.29112852,,,Footage Locations,,,,
Location,Golden Meadow (USA),,29.3563996,-90.288117,0.276725181,,,Footage Locations,,,,
Location,Grand Teton National Park (USA),,43.7347778,-110.7525042,7363.342361,,,Footage Locations,,,,
Location,Grand-Canyon (USA),,36.2167901,-112.378634,4023.544961,,,Footage Locations,,,,
Location,Grey Lake (Chile),,-51.049268,-73.226701,977.7190554,,,Footage Locations,,,,
Location,Gribraltar (UK),,36.1495519,-5.3367319,0,,,Footage Locations,,,,
Location,Hagia Sophia and Blue Mosque (Turkey),,41.0082974,28.9754536,148.3792505,,,Footage Locations,,,,
Location,Hidden Lake - Montana (USA),,48.6883501,-113.7401723,7301.290751,,,Footage Locations,,,,
Location,Hill Air Force Base Utah (USA),,41.1308873,-111.977744,4783.739058,,,Footage Locations,,,,
Location,Hong Kong (China),,22.3011868,114.1506977,0,,,Footage Locations,,,,
Location,Hout Bay (South Africa),,-34.0585346,18.334234,232.0489682,,,Footage Locations,,,,
Location,Ibiza (Spain),,38.936433,1.4378598,39.70490793,,,Footage Locations,,,,
Location,Ilford - London (UK),,51.5645337,0.0819047,46.92164769,,,Footage Locations,,,,
Location,Indianpolis Motor Speedway (USA),,39.8057388,-86.2399273,739.4897517,,,Footage Locations,,,,
Location,Irun (Spain),,43.3176988,-1.799034,271.5754658,,,Footage Locations,,,,
Location,Istanbul (Turkey),,41.1431208,29.1978365,192.0352832,,,Footage Locations,,,,
Location,Jabal Ram (Jordan),,29.6187255,35.4554325,3294.782969,,,Footage Locations,,,,
Location,Kadhdhoo (Maldives),,1.8654905,73.5228065,7.804626179,,,Footage Locations,,,,
Location,Kalgoorlie (Australia),,-30.7497483,121.4843865,1274.112031,,,Footage Locations,,,,
Location,La Paz (Bolivia),,-16.527204,-68.1378409,12545.11996,,,Footage Locations,,,,
Location,Lake Abraham (Canada),,52.2540488,-116.4060079,4392.080773,,,Footage Locations,,,,
Location,Lake Almanor (USA),,40.2797332,-121.1304286,4616.462675,,,Footage Locations,,,,
Location,Lake Como (Italy),,46.1601756,9.3815129,654.5290318,,,Footage Locations,,,,
Location,Lake District (UK),,54.426573,-3.4112683,413.6649587,,,Footage Locations,,,,
Location,Lake Garda (Italy),,45.6206956,10.2421776,2749.061572,,,Footage Locations,,,,
Location,Lake Geneva and Mont Blanc (Switzerland/France),,46.1965461,6.1780763,1378.643851,,,Footage Locations,,,,
Location,Lake Las Vegas (USA),,36.0901188,-114.9576503,1586.149372,,,Footage Locations,,,,
Location,Lake Lucerne (Switzerland),,47.039811,8.3301918,1436.777536,,,Footage Locations,,,,
Location,Lake Norman (USA),,35.5725833,-80.9036237,851.0348575,,,Footage Locations,,,,
Location,Lake Powell (USA),,37.0695509,-111.2348737,3595.80064,,,Footage Locations,,,,
Location,Lake Tekapo (New Zealand),,-43.8085649,170.5352334,2088.177966,,,Footage Locations,,,,
Location,Larson Bay (USA),,57.5466968,-153.9551991,0,,,Footage Locations,,,,
Location,Leeds - Waterloo Lake (UK),,53.8370488,-1.4947452,337.6511309,,,Footage Locations,,,,
Location,Lexington - Nebraska (USA),,40.744327,-99.7963612,2396.688062,,,Footage Locations,,,,
Location,Lisbon Humberto Delgado Airport (Portugal),,38.7745856,-9.1389187,345.6625961,,,Footage Locations,,,,
Location,London City Airport (UK),,51.5040253,0.0898688,24.37811433,,,Footage Locations,,,,
Location,London Gatwick Airport (UK),,51.1588119,-0.1730801,189.4955558,,,Footage Locations,,,,
Location,London Heathrow Airport (UK),,51.470497,-0.4500861,95.54838877,,,Footage Locations,,,,
Location,Long Island (Bahamas),,23.1841889,-75.3185885,-7.213358253,,,Footage Locations,,,,
Location,Luanco Gozon (spain),,43.62281,-5.8507869,292.0903277,,,Footage Locations,,,,
Location,Lukla Tenzing Hillary Airport (Nepal),,27.6865964,86.7313209,9322.519676,,,Footage Locations,,,,
Location,Macau (china),,22.1877988,113.5468568,6.826612486,,,Footage Locations,,,,
Location,Manaus (Brazil),,-3.1986704,-60.7783829,26.24672,,,Footage Locations,,,,
Location,Manhatten (USA),,40.7575801,-73.9754555,64.3537572,,,Footage Locations,,,,
Location,Marangu (Tanzania),,-3.6875673,37.6058258,3380.739816,,,Footage Locations,,,,
Location,Marignac (France),,42.9896001,0.6996253,2729.356107,,,Footage Locations,,,,
Location,Marina bay hotel (Singapur),,1.2867379,103.85884,5.700675234,,,Footage Locations,,,,
Location,Marismas Nacionales Nayarit (Mexico),,21.9237772,-105.574602,6.657812439,,,Footage Locations,,,,
Location,Maritime Alps (Italy and France),,44.2734548,6.9888158,8340.563303,,,Footage Locations,,,,
Location,Marrakesh Menara Airport (Morocco),,31.6040236,-8.0261962,1537.238944,,,Footage Locations,,,,
Location,Mera Peak (Nepal),,27.6900165,86.8172284,12828.98631,,,Footage Locations,,,,
Location,Miami Beach (USA),,25.6597918,-80.1479443,-6.768634843,,,Footage Locations,,,,
Location,Miami International Airport (USA),,25.7911903,-80.2584197,3.505126341,,,Footage Locations,,,,
Location,Milford Sound (New Zealand),,-44.6670351,167.9118133,0,,,Footage Locations,,,,
Location,Millau (France),,44.1068158,3.1105744,2034.491256,,,Footage Locations,,,,
Location,Mirepeix (France),,43.1930763,-0.2672328,799.8640462,,,Footage Locations,,,,
Location,Mont Blanc (France),,45.8273502,6.844373,12217.77287,,,Footage Locations,,,,
Location,Mont Cenis (France),,45.2855046,6.996478,7118.349478,,,Footage Locations,,,,
Location,Monterrey (Mexico),,25.6504861,-100.4686739,3607.553913,,,Footage Locations,,,,
Location,Moscow (Russia),,55.7500851,37.6167363,483.8212736,,,Footage Locations,,,,
Location,Mount Baker - Snoqualmie National Forest (USA),,47.8898218,-121.3751221,1598.48396,,,Footage Locations,,,,
Location,Mount Fuji (Japan),,35.3490826,138.7265834,9893.330568,,,Footage Locations,,,,
Location,Mount Taranaki (New Zealand),,-39.2723621,173.9972881,2022.973874,,,Footage Locations,,,,
Location,Mundaring Weir (Austraila),,-31.9697312,116.1919201,439.63256,,,Footage Locations,,,,
Location,Naarden (Netherlands),,52.2897587,5.1830452,2.409295107,,,Footage Locations,,,,
Location,Namib Naukluft Park (Namibia),,-25.6740238,15.5222288,2985.757638,,,Footage Locations,,,,
Location,National Park Corcovado Airfield la sirena (Costa Rica),,8.4802178,-83.5895076,68.9891214,,,Footage Locations,,,,
Location,Naukluft Park (Namibia),,-25.4082698,15.6198241,2675.393258,,,Footage Locations,,,,
Location,Neapel (Italy),,40.8434182,14.2542271,24.46678914,,,Footage Locations,,,,
Location,Nef River (Chile),,-47.1358198,-72.8584338,652.88716,,,Footage Locations,,,,
Location,Nelson Lakes National Park (New Zealand),,-42.0979342,172.5787826,6636.815321,,,Footage Locations,,,,
Location,Neuschwanstein Castle (Germany),,47.5574426,10.7493583,3044.781319,,,Footage Locations,,,,
Location,New Orleans (USA),,29.9497644,-90.080451,1.140849853,,,Footage Locations,,,,
Location,New York (USA),,40.714455,-74.0483749,23.06102998,,,Footage Locations,,,,
Location,New York John F. Kennedy International Airport (USA),,40.6430783,-73.7794987,9.753278077,,,Footage Locations,,,,
Location,Nice Airport (France),,43.6298114,7.1794789,-907.6849159,,,Footage Locations,,,,
Location,North of Chalten (Argentina),,-49.2261687,-72.9488029,1479.016649,,,Footage Locations,,,,
Location,North Wash - Utah (USA),,37.9569623,-110.5002285,4408.633556,,,Footage Locations,,,,
Location,Notre-Dame de la Garde (France),,43.2847418,5.3691196,254.2448,,,Footage Locations,,,,
Location,Oakland (USA),,37.8383525,-122.2269813,594.2516067,,,Footage Locations,,,,
Location,Ohio Stadium Columbus (USA),,39.9992685,-83.0186644,728.6815927,,,Footage Locations,,,,
Location,Olympic National Park (USA),,47.8153293,-123.7625079,3353.834285,,,Footage Locations,,,,
Location,Oman Mountains (Oman),,23.0090652,59.2324151,-2754.401348,,,Footage Locations,,,,
Location,Orange County John Wayne Airport (USA),,33.6777873,-117.8646927,40.20540549,,,Footage Locations,,,,
Location,Orlando (USA),,28.5391692,-81.3817084,142.8428831,,,Footage Locations,,,,
Location,Orlando Int'l Airport (USA),,28.4391985,-81.3110157,116.1078743,,,Footage Locations,,,,
Location,Oshkosh Airport (USA),,43.9665583,-88.5566378,802.1691346,,,Footage Locations,,,,
Location,Ostheim (France),,48.1561581,7.3662353,598.4119797,,,Footage Locations,,,,
Location,over Mount Pavlof (USA),,55.4123354,-161.9049701,6469.966264,,,Footage Locations,,,,
Location,Over Quito Airport (Ecuador),,-0.1158263,-78.3702907,7355.044943,,,Footage Locations,,,,
Location,Owens Valley (USA),,36.677973,-118.0766819,3674.98775,,,Footage Locations,,,,
Location,Page (USA),,36.9286251,-111.4395461,4080.070967,,,Footage Locations,,,,
Location,Palma de Mallorca Airport (Spain),,39.5696016,2.7569998,3.877157113,,,Footage Locations,,,,
Location,Pangulasian Island (Philippines),,11.1112192,119.3346842,0,,,Footage Locations,,,,
Location,Paris (France),,48.8432992,2.3125052,141.1717878,,,Footage Locations,,,,
Location,Parlermo (Italy),,38.178718,13.2783455,1580.922035,,,Footage Locations,,,,
Location,Paro Airport (Buthan),,27.4048771,89.421897,7352.458558,,,Footage Locations,,,,
Location,Peoria Mount hawley Airport (USA),,40.8038815,-89.6170868,775.6810674,,,Footage Locations,,,,
Location,Perth (Australia),,-31.9508953,115.8626386,49.62618116,,,Footage Locations,,,,
Location,Phoenix (USA),,33.6119173,-112.2694248,1161.661761,,,Footage Locations,,,,
Location,Pike National Forest (USA),,38.9820841,-105.3933033,8383.372017,,,Footage Locations,,,,
Location,Plage de l'Ostriconi - Corsica (France),,42.6408352,9.0382708,704.6415399,,,Footage Locations,,,,
Location,Potash Evaporation Ponds (USA),,38.4874965,-109.6829974,4280.341979,,,Footage Locations,,,,
Location,Pucon (Chile),,-39.2878515,-71.9009494,942.8693417,,,Footage Locations,,,,
Location,Pueblo Viejo mine (Dominican Republic),,18.946554,-70.1849362,863.8680602,,,Footage Locations,,,,
Location,Punta Cana Airport (Dominican Republic),,18.5706163,-68.3450556,18.30637044,,,Footage Locations,,,,
Location,Pyramids of Giza (Egypt),,29.9791591,31.1279144,266.8650905,,,Footage Locations,,,,
Location,Queenstown Airport (New Zealand),,-45.0215371,168.7420453,1117.547038,,,Footage Locations,,,,
Location,Rathen - Elbe (Germany),,50.942132,14.0955294,696.3955859,,,Footage Locations,,,,
Location,Red Sea near Sawakin (Sudan),,18.9231072,37.4153515,0,,,Footage Locations,,,,
Location,Reichenbach (Switzerland),,46.6147855,7.6788792,2372.426587,,,Footage Locations,,,,
Location,Renton Municipal Airport (USA),,47.4922572,-122.2140595,23.36182694,,,Footage Locations,,,,
Location,Richat Structure (Mauritania),,21.1310766,-11.3937748,1401.73078,,,Footage Locations,,,,
Location,Rio de Janeiro (Brazil),,-22.9362915,-43.1926108,155.6244722,,,Footage Locations,,,,
Location,Rio de Janeiro Galeao Airport (Brazil),,-22.8162401,-43.2630561,1.217036442,,,Footage Locations,,,,
Location,Rockland Knox County Regional Airport,,44.0623942,-69.1172868,42.88496132,,,Footage Locations,,,,
Location,Rom (Italy),,41.8871651,12.4765646,49.2870667,,,Footage Locations,,,,
Location,Rouen (France),,49.4351414,1.0887917,27.3646998,,,Footage Locations,,,,
Location,Saba Juancho Airport (Netherlands),,17.6471471,-63.2199649,30.34944394,,,Footage Locations,,,,
Location,Sad Hill (Spain),,41.9911662,-3.4114968,3858.198555,,,Footage Locations,,,,
Location,Saint Etienne-de-Baigorry (France),,43.1896679,-1.3626166,1566.494068,,,Footage Locations,,,,
Location,Salzburg (Austria),,47.7965078,13.0479817,1485.588442,,,Footage Locations,,,,
Location,San Diego (USA),,32.7092189,-117.1585013,19.78565921,,,Footage Locations,,,,
Location,San Francisco (USA),,37.8246385,-122.4086233,-70.3228137,,,Footage Locations,,,,
Location,San Francisco Airport (USA),,37.6117154,-122.3833935,7.184448435,,,Footage Locations,,,,
Location,San Francisco Bay salt ponds (USA),,37.5057173,-122.0602036,12.2859241,,,Footage Locations,,,,
Location,Sandpoint (USA),,48.2402345,-116.643774,2450.353546,,,Footage Locations,,,,
Location,Sant Antoni de Portmany Ibiza (Spain),,38.9952302,1.2969881,134.2210412,,,Footage Locations,,,,
Location,Santa Clarita (USA),,34.4389422,-118.5532235,1188.569695,,,Footage Locations,,,,
Location,Santa Rosa (USA),,38.5356433,-122.8223328,112.8153825,,,Footage Locations,,,,
Location,Sao Paulo (Brazil),,-23.3939316,-46.4156134,2634.892986,,,Footage Locations,,,,
Location,SDCCU Stadium - San Diego (USA),,32.7856515,-117.1239191,88.98309807,,,Footage Locations,,,,
Location,Seattle (USA),,47.5454519,-122.337957,10.00012188,,,Footage Locations,,,,
Location,Seattle Harbor (USA),,47.5880487,-122.395935,15.98839423,,,Footage Locations,,,,
Location,Seattle tacoma Int'l Airport (USA),,47.444266,-122.3112049,381.3062374,,,Footage Locations,,,,
Location,Sha Tin (Hong Kong),,22.4079813,114.2289735,209.5981475,,,Footage Locations,,,,
Location,Shanghai (China),,31.2355257,121.5043422,26.63980091,,,Footage Locations,,,,
Location,Sheikh Zayed Mosque Abu Dhabi (UAE),,24.4110972,54.4750777,33.7459545,,,Footage Locations,,,,
Location,Silverstone Circuit (UK),,52.076443,-1.0291548,491.1751291,,,Footage Locations,,,,
Location,Sint Maarten,,18.0204172,-63.1213461,-4.494904129,,,Footage Locations,,,,
Location,Sion (Swizterland),,46.2291921,7.3719343,1616.092343,,,Footage Locations,,,,
Location,Sion Airport (Switzerland),,46.2001053,7.2691775,1561.439844,,,Footage Locations,,,,
Location,Skadur (Pakistan),,35.3533815,75.550412,7318.996554,,,Footage Locations,,,,
Location,Sorde-l'Abbaye (France),,43.5242008,-1.1107733,209.389453,,,Footage Locations,,,,
Location,Soul (South Korea),,37.5956031,126.7920266,25.44351844,,,Footage Locations,,,,
Location,Souraide (France),,43.3169175,-1.4489635,454.7286492,,,Footage Locations,,,,
Location,South of Marrakesh (Morocco),,31.5980779,-7.9169807,1624.93333,,,Footage Locations,,,,
Location,Southampton (UK),,50.8976798,-1.4389231,17.23973669,,,Footage Locations,,,,
Location,Southampton Airport (UK),,50.945077,-1.3599555,32.55495353,,,Footage Locations,,,,
Location,Southeast of Islamabad (Pakistan),,33.495529,72.8586097,1626.453001,,,Footage Locations,,,,
Location,Stone Moutain Atlanta (USA),,33.8140897,-84.1463392,919.0126648,,,Footage Locations,,,,
Location,Strait of Gibraltar (Morocco),,35.870111,-5.5270086,0,,,Footage Locations,,,,
Location,Sulak Canyon (Russia),,42.7769092,46.7365261,1342.92717,,,Footage Locations,,,,
Location,Sunsites (USA),,31.9970262,-109.790095,4201.600617,,,Footage Locations,,,,
Location,Swartberg mountains (South Africa),,-33.2212968,22.0731744,2006.065052,,,Footage Locations,,,,
Location,Sydney (Australia,,-33.868163,151.2350845,15.40386664,,,Footage Locations,,,,
Location,Szombathelyi Airfield (Hungary),,47.2727186,16.6330457,717.4236798,,,Footage Locations,,,,
Location,Taj Mahal (India),,27.1765139,78.0443369,566.3505495,,,Footage Locations,,,,
Location,Tavira (Portugal),,37.1169359,-7.6354821,2.545587741,,,Footage Locations,,,,
Location,Tellirude Peak (USA),,37.9390724,-107.7457353,12391.55406,,,Footage Locations,,,,
Location,Telluride Regional Airport (USA),,37.9538724,-107.902062,9056.006694,,,Footage Locations,,,,
Location,The Chateau de Chambord - Loir-et-Cher (France),,47.6176125,1.5198206,251.5922837,,,Footage Locations,,,,
Location,Thurston Peak (USA),,41.103107,-111.8564536,8993.696365,,,Footage Locations,,,,
Location,Tokyo (Japan),,35.6876901,139.7818097,21.32546,,,Footage Locations,,,,
Location,Tokyo Skytree (Japan),,35.7095832,139.8194095,10.42064831,,,Footage Locations,,,,
Location,Tondimina Niger Delta (Mali),,15.2165054,-3.9000264,888.9022871,,,Footage Locations,,,,
Location,Tongariro National ParkIsland (New Zealand),,-39.3787066,175.5444375,3294.561096,,,Footage Locations,,,,
Location,Toronto (Canada,,43.6188008,-79.3678234,253.4439639,,,Footage Locations,,,,
Location,Torres del Paine (Chile),,-50.9737051,-73.0215718,5999.012336,,,Footage Locations,,,,
Location,Torsa River (Bhutan and India),,26.8981376,89.3780567,2020.03125,,,Footage Locations,,,,
Location,Trisul (India),,30.3283527,79.5067875,9266.533134,,,Footage Locations,,,,
Location,Trout Lake (USA),,45.9993441,-121.5101004,1858.623294,,,Footage Locations,,,,
Location,Tumlingatar Airport (Nepal),,27.3146282,87.1944987,1310.84196,,,Footage Locations,,,,
Location,Union Island (Saint Vincent and the Grenadines),,12.6037015,-61.4076502,-0.066336435,,,Footage Locations,,,,
Location,Vancouver (Canada),,49.2915256,-123.0991518,0,,,Footage Locations,,,,
Location,Vesuvio (italy),,40.7306463,14.3769129,-280.4153762,,,Footage Locations,,,,
Location,Vigo (spain),,42.2036443,-8.742724,97.18305168,,,Footage Locations,,,,
Location,Villa O'Higgins (Chile),,-48.4523797,-72.5952865,885.5622743,,,Footage Locations,,,,
Location,Wallberg (Germany),,47.6580822,11.7821074,4457.074806,,,Footage Locations,,,,
Location,Warsaw Palace of Culture (Poland),,52.2353124,21.0090229,371.1985659,,,Footage Locations,,,,
Location,Washington DC (USA),,38.8845331,-77.0547216,0.131233597,,,Footage Locations,,,,
Location,Wewak Island (Papua New Guinea),,-3.5473915,143.7048021,-22.11291717,,,Footage Locations,,,,
Location,White Sands Missile Range (USA),,32.402871,-106.4353019,4007.974588,,,Footage Locations,,,,
Location,Zurich (Switzerland),,47.3753263,8.5367663,1341.175713,,,Footage Locations,,,,
Location,Zurich  Airport (Switzerland),,47.4459431,8.558734,1378.08296,,,Footage Locations,,,,