Type,Name,Ident,Latitude,Longitude,Elevation,Magnetic Declination,Tags,Description,Region,Visible From,Last Edit,Import Filenam
Settlement,Kabul (Capital of Afghanistan),,69.20766371,34.5552647,192.03094035614012,,,,,,,Capital Cities of the World
Settlement,Tirana (Capital of Albania),,19.81933206,41.32775984,4776.347555981444,,,,,,,Capital Cities of the World
Settlement,Algiers (Capital of Algeria),,3.098365256,36.73112035,1766.4988524853516,,,,,,,Capital Cities of the World
Settlement,Andorra la Vella (Capital of Andorra),,1.521514646,42.50524653,264.934137767334,,,,,,,Capital Cities of the World
Settlement,Luanda (Capital of Angola),,13.23535653,-8.816193777,1402.8848010656739,,,,,,,Capital Cities of the World
Settlement,Saint John's (Capital of Antigua and Barbuda),,-61.84703262,17.1278084,-16751.376310117186,,,,,,,Capital Cities of the World
Settlement,Buenos Aires (Capital of Argentina),,-58.44426468,-34.60475086,-9042.706315859376,,,,,,,Capital Cities of the World
Settlement,Yerevan (Capital of Armenia),,44.5170736,40.18991752,1318.1892075927735,,,,,,,Capital Cities of the World
Settlement,Canberra (Capital of Australia),,-35.28459376,149.1359948,1835.8526541992187,,,,,,,Capital Cities of the World
Settlement,Vienna (Capital of Austria),,16.36751385,48.20259551,3497.191613637694,,,,,,,Capital Cities of the World
Settlement,Baku (Capital of Azerbaijan),,49.86705587,40.40744371,576.8982879138184,,,,,,,Capital Cities of the World
Settlement,Nassau (Capital of Bahamas),,-77.4002213,25.03717757,11553.614227675782,,,,,,,Capital Cities of the World
Settlement,Manama (Capital of Bahrain),,50.5909127,26.22383025,670.1049118011474,,,,,,,Capital Cities of the World
Settlement,Dhaka (Capital of Bangladesh),,23.80278877,90.41660241,29.559417979660033,,,,,,,Capital Cities of the World
Settlement,Bridgetown (Capital of Barbados),,-59.61339769,13.09862666,-17588.16031921875,,,,,,,Capital Cities of the World
Settlement,Minsk (Capital of Belarus),,27.54949658,53.90834772,3067.84271685791,,,,,,,Capital Cities of the World
Settlement,Brussels (Capital of Belgium),,4.362346338,50.84827285,-15576.263685878906,,,,,,,Capital Cities of the World
Settlement,Belmopan (Capital of Belize),,-88.76604857,17.25420263,8986.22076,,,,,,,Capital Cities of the World
Settlement,Porto-Novo (Capital of Benin),,2.621920086,6.477542768,-7468.404533300782,,,,,,,Capital Cities of the World
Settlement,Thimphu (Capital of Bhutan),,89.63781197,27.47207622,-13657.070006210937,,,,,,,Capital Cities of the World
Settlement,Sucre (Capital of Bolivia),,-65.25960424,-19.03596524,-16388.29561546875,,,,,,,Capital Cities of the World
Settlement,Sarajevo (Capital of Bosnia and Herzegovina),,18.41688217,43.85617233,6255.820166660156,,,,,,,Capital Cities of the World
Settlement,Gaborone (Capital of Botswana),,25.9023127,-24.65573568,-16908.685219042967,,,,,,,Capital Cities of the World
Settlement,Brasília (Capital of Brazil),,-47.8833095,-15.80084613,-11754.670606884765,,,,,,,Capital Cities of the World
Settlement,Bandar Seri Begawan (Capital of Brunei),,4.892954189,114.9415716,36.475349827537535,,,,,,,Capital Cities of the World
Settlement,Sofia (Capital of Bulgaria),,23.32585167,42.68807558,3151.9222517211915,,,,,,,Capital Cities of the World
Settlement,Ouagadougou (Capital of Burkina Faso),,-1.531260012,12.37925302,1355.908454770508,,,,,,,Capital Cities of the World
Settlement,Gitega (Capital of Burundi),,29.92504884,-3.427485464,2040.0537057324218,,,,,,,Capital Cities of the World
Settlement,Praia (Capital of Cabo Verde),,-23.5063986,14.91995463,1234.690588063965,,,,,,,Capital Cities of the World
Settlement,Phnom Penh (Capital of Cambodia),,11.56107345,104.9335031,41.875668486518855,,,,,,,Capital Cities of the World
Settlement,Yaoundé (Capital of Cameroon),,11.51823396,3.863951764,663.6857072442627,,,,,,,Capital Cities of the World
Settlement,Ottawa (Capital of Canada),,-75.70076281,45.42320309,11659.229080957031,,,,,,,Capital Cities of the World
Settlement,Bangui (Capital of Central African Republic),,18.58083844,4.362460222,1263.835977462158,,,,,,,Capital Cities of the World
Settlement,N'Djamena (Capital of Chad),,15.04749681,12.12288197,1196.1927821752931,,,,,,,Capital Cities of the World
Settlement,Santiago (Capital of Chile),,-70.66758333,-33.44453373,-13775.322821777343,,,,,,,Capital Cities of the World
Settlement,Beijing (Capital of China),,39.90416167,116.4061604,150.14961803253175,,,,,,,Capital Cities of the World
Settlement,Bogotá (Capital of Colombia),,-74.07230648,4.708620295,9693.580597216796,,,,,,,Capital Cities of the World
Settlement,Moroni (Capital of Comoros),,43.25050694,-11.70389411,-5837.772586230469,,,,,,,Capital Cities of the World
Settlement,Brazzaville (Capital of Congo (Congo-Brazzaville)),,15.28063934,-4.277010195,855.8211512854003,,,,,,,Capital Cities of the World
Settlement,San José (Capital of Costa Rica),,-84.09267274,9.928466803,8415.622930419922,,,,,,,Capital Cities of the World
Settlement,Zagreb (Capital of Croatia),,15.98829679,45.81236315,3289.5172851391594,,,,,,,Capital Cities of the World
Settlement,Havana (Capital of Cuba),,-82.34921083,23.13404128,8694.479912666016,,,,,,,Capital Cities of the World
Settlement,Nicosia (Capital of Cyprus),,33.38266373,35.18522103,-368.7066724322509,,,,,,,Capital Cities of the World
Settlement,Prague (Capital of Czech Republic),,14.43221224,50.07404836,-4800.779240961912,,,,,,,Capital Cities of the World
Settlement,Kinshasa (Capital of Democratic Republic of the Congo),,15.31046054,-4.304642451,856.3129568908691,,,,,,,Capital Cities of the World
Settlement,Copenhagen (Capital of Denmark),,12.57770711,55.67780582,-13232.511207919923,,,,,,,Capital Cities of the World
Settlement,Djibouti (Capital of Djibouti),,43.14566018,11.5910312,994.7942816809082,,,,,,,Capital Cities of the World
Settlement,Roseau (Capital of Dominica),,-61.38918016,15.30268708,-16914.884853222655,,,,,,,Capital Cities of the World
Settlement,Santo Domingo (Capital of Dominican Republic),,-69.93773265,18.4627655,147.95372652938843,,,,,,,Capital Cities of the World
Settlement,Quito (Capital of Ecuador),,-78.50331209,-0.227736365,8109.216824404297,,,,,,,Capital Cities of the World
Settlement,Cairo (Capital of Egypt),,31.2385547,30.04580703,-6.904876828565599,,,,,,,Capital Cities of the World
Settlement,San Salvador (Capital of El Salvador),,-89.21459442,13.69384228,8992.86814553711,,,,,,,Capital Cities of the World
Settlement,Malabo (Capital of Equatorial Guinea),,8.780659432,3.753287732,1202.4426782470703,,,,,,,Capital Cities of the World
Settlement,Asmara (Capital of Eritrea),,38.92907619,15.33259314,-7982.087478349609,,,,,,,Capital Cities of the World
Settlement,Tallinn (Capital of Estonia),,24.75180079,59.43623075,-4257.823049072265,,,,,,,Capital Cities of the World
Settlement,Mbabane (Capital of Eswatini),,31.14407173,-26.3265913,-16388.891549296874,,,,,,,Capital Cities of the World
Settlement,Addis Ababa (Capital of Ethiopia),,38.74818566,9.020374599,-422.66226291259744,,,,,,,Capital Cities of the World
Settlement,Suva (Capital of Fiji),,-18.12752188,178.4397803,214.47159860229493,,,,,,,Capital Cities of the World
Settlement,Helsinki (Capital of Finland),,24.93534565,60.16497213,-3456.4278174267565,,,,,,,Capital Cities of the World
Settlement,Paris (Capital of France),,2.355029802,48.85652864,-13113.472624765625,,,,,,,Capital Cities of the World
Settlement,Libreville (Capital of Gabon),,9.444935126,0.405029007,459.8397930242919,,,,,,,Capital Cities of the World
Settlement,Banjul (Capital of Gambia),,-16.57459911,13.45404737,3347.7159505078125,,,,,,,Capital Cities of the World
Settlement,Tbilisi (Capital of Georgia),,44.8039339,41.69854518,905.51184,,,,,,,Capital Cities of the World
Settlement,Berlin (Capital of Germany),,13.4222692,52.51430049,-7339.737293496094,,,,,,,Capital Cities of the World
Settlement,Accra (Capital of Ghana),,-0.194157132,5.556688419,-12009.641375839843,,,,,,,Capital Cities of the World
Settlement,Athens (Capital of Greece),,23.72966568,37.98259494,-847.6621043005371,,,,,,,Capital Cities of the World
Settlement,St. George's (Capital of Grenada),,-61.74918241,12.05607732,-16132.229898203124,,,,,,,Capital Cities of the World
Settlement,Guatemala City (Capital of Guatemala),,14.6345176,-90.51270092,4902.902594838869,,,,,,,Capital Cities of the World
Settlement,Conakry (Capital of Guinea),,-13.71942302,9.509576393,-13757.866125742188,,,,,,,Capital Cities of the World
Settlement,Bissau (Capital of Guinea-Bissau),,-15.58657622,11.8646643,-474.7948585717775,,,,,,,Capital Cities of the World
Settlement,Georgetown (Capital of Guyana),,-58.15836227,6.801618148,-16248.994481171874,,,,,,,Capital Cities of the World
Settlement,Port-au-Prince (Capital of Haiti),,-72.34216121,18.539987,6859.151904511718,,,,,,,Capital Cities of the World
Settlement,Tegucigalpa (Capital of Honduras),,-87.18427695,14.06017851,8926.658615654296,,,,,,,Capital Cities of the World
Settlement,Budapest (Capital of Hungary),,19.04963575,47.49876953,1696.712518154297,,,,,,,Capital Cities of the World
Settlement,Reykjavík (Capital of Iceland),,-21.93793536,64.14620785,-12416.33497506836,,,,,,,Capital Cities of the World
Settlement,New Delhi (Capital of India),,77.21610037,28.61347517,-636.5166014257812,,,,,,,Capital Cities of the World
Settlement,Jakarta (Capital of Indonesia),,-6.190085243,106.8350604,30.830314201049806,,,,,,,Capital Cities of the World
Settlement,Tehran (Capital of Iran),,51.34297096,35.71963012,828.9966698345947,,,,,,,Capital Cities of the World
Settlement,Baghdad (Capital of Iraq),,44.35610104,33.32123434,-2860.5300336865234,,,,,,,Capital Cities of the World
Settlement,Dublin (Capital of Ireland),,-6.260591507,53.34587123,-10125.784810009765,,,,,,,Capital Cities of the World
Settlement,Jerusalem (Capital of Israel),,35.20911776,31.76777452,-7789.5127433691405,,,,,,,Capital Cities of the World
Settlement,Rome (Capital of Italy),,12.47566064,41.89148665,1999.6615671777345,,,,,,,Capital Cities of the World
Settlement,Kingston (Capital of Jamaica),,-76.80757818,18.01890696,11124.12856248047,,,,,,,Capital Cities of the World
Settlement,Tokyo (Capital of Japan),,35.65483491,139.9023997,11.115006460847855,,,,,,,Capital Cities of the World
Settlement,Amman (Capital of Jordan),,35.90219104,31.94980347,-8144.52750569336,,,,,,,Capital Cities of the World
Settlement,Astana (Capital of Kazakhstan),,71.42949839,51.17010633,-285.29518519744875,,,,,,,Capital Cities of the World
Settlement,Nairobi (Capital of Kenya),,36.82517007,-1.290116411,-8346.497810302735,,,,,,,Capital Cities of the World
Settlement,South Tarawa (Capital of Kiribati),,1.43440416,172.9999439,-86.71514282974242,,,,,,,Capital Cities of the World
Settlement,Kuwait City (Capital of Kuwait),,47.97431203,29.3789048,742.5295449121094,,,,,,,Capital Cities of the World
Settlement,Bishkek (Capital of Kyrgyzstan),,74.56340093,42.87809101,-864.1958638391113,,,,,,,Capital Cities of the World
Settlement,Vientiane (Capital of Laos),,17.98598077,102.636577,553.3359734692381,,,,,,,Capital Cities of the World
Settlement,Riga (Capital of Latvia),,24.11323968,56.96594714,-19.290901536064148,,,,,,,Capital Cities of the World
Settlement,Beirut (Capital of Lebanon),,35.50271717,33.89491014,-1920.189105427246,,,,,,,Capital Cities of the World
Settlement,Maseru (Capital of Lesotho),,27.48852777,-29.31434631,-17104.8900240625,,,,,,,Capital Cities of the World
Settlement,Monrovia (Capital of Liberia),,-10.80641847,6.313861017,-17230.97168,,,,,,,Capital Cities of the World
Settlement,Tripoli (Capital of Libya),,13.18731562,32.88888907,1330.2082076928714,,,,,,,Capital Cities of the World
Settlement,Vaduz (Capital of Liechtenstein),,9.51888703,47.14123513,2522.5854914941406,,,,,,,Capital Cities of the World
Settlement,Vilnius (Capital of Lithuania),,25.2737494,54.6865293,-65.6168,,,,,,,Capital Cities of the World
Settlement,Luxembourg (Capital of Luxembourg),,6.14750748,49.60572623,-3502.800920893556,,,,,,,Capital Cities of the World
Settlement,Antananarivo (Capital of Madagascar),,47.53326696,-18.92002103,-14366.322574121094,,,,,,,Capital Cities of the World
Settlement,Lilongwe (Capital of Malawi),,33.77167255,-13.98618899,-14687.683094882812,,,,,,,Capital Cities of the World
Settlement,Kuala Lumpur (Capital of Malaysia),,3.149809777,101.6941823,98.4730902216339,,,,,,,Capital Cities of the World
Settlement,Male (Capital of Maldives),,73.5090672,4.174732496,-9208.490461123047,,,,,,,Capital Cities of the World
Settlement,Bamako (Capital of Mali),,-7.999817272,12.63908749,-1998.5538030859375,,,,,,,Capital Cities of the World
Settlement,Valletta (Capital of Malta),,14.51340198,35.89927962,1648.052498597412,,,,,,,Capital Cities of the World
Settlement,Majuro (Capital of Marshall Islands),,7.118691578,171.1868236,-9.716786266241074,,,,,,,Capital Cities of the World
Settlement,Nouakchott (Capital of Mauritania),,-15.95695653,18.07693341,4055.136662685547,,,,,,,Capital Cities of the World
Settlement,Port Louis (Capital of Mauritius),,57.50119434,-20.16103846,-4625.533845190431,,,,,,,Capital Cities of the World
Settlement,Mexico City (Capital of Mexico),,19.43085154,-99.14451674,7314.292360810547,,,,,,,Capital Cities of the World
Settlement,Palikir (Capital of Micronesia),,6.923353508,158.1588222,272.1453926486206,,,,,,,Capital Cities of the World
Settlement,Chi?in?u (Capital of Moldova),,28.8627445,47.0094543,913.1426365014651,,,,,,,Capital Cities of the World
Settlement,Monaco (Capital of Monaco),,7.421409096,43.73767313,2635.3998101391603,,,,,,,Capital Cities of the World
Settlement,Ulaanbaatar (Capital of Mongolia),,47.92534853,106.9076358,4265.596621386719,,,,,,,Capital Cities of the World
Settlement,Podgorica (Capital of Montenegro),,19.26106907,42.43169767,5745.933095820313,,,,,,,Capital Cities of the World
Settlement,Rabat (Capital of Morocco),,-6.851410785,34.01242635,4678.947217988281,,,,,,,Capital Cities of the World
Settlement,Maputo (Capital of Mozambique),,32.57565974,-25.96752647,-17256.862762070312,,,,,,,Capital Cities of the World
Settlement,Naypyidaw (Capital of Myanmar),,19.76299193,96.07966629,500.88914086120593,,,,,,,Capital Cities of the World
Settlement,Windhoek (Capital of Namibia),,17.08128307,-22.56465273,-10579.806288408203,,,,,,,Capital Cities of the World
Settlement,Yaren (Capital of Nauru),,-0.544734516,166.9155211,14.58720162530899,,,,,,,Capital Cities of the World
Settlement,Kathmandu (Capital of Nepal),,85.32323518,27.71244623,-11664.275294824218,,,,,,,Capital Cities of the World
Settlement,Amsterdam (Capital of Netherlands),,4.899899406,52.36534802,-16660.347417871093,,,,,,,Capital Cities of the World
Settlement,Wellington (Capital of New Zealand),,-41.29441622,174.7780088,22.96588,,,,,,,Capital Cities of the World
Settlement,Managua (Capital of Nicaragua),,-86.24132068,12.11817091,8851.749573261719,,,,,,,Capital Cities of the World
Settlement,Niamey (Capital of Niger),,2.122078903,13.51140633,1835.1525921484374,,,,,,,Capital Cities of the World
Settlement,Abuja (Capital of Nigeria),,7.499895562,9.055393261,497.6047965460206,,,,,,,Capital Cities of the World
Settlement,Pyongyang (Capital of North Korea),,39.04504022,125.7629072,240.9210432357788,,,,,,,Capital Cities of the World
Settlement,Skopje (Capital of North Macedonia),,21.42325132,42.0008201,3760.2615558496095,,,,,,,Capital Cities of the World
Settlement,Oslo (Capital of Norway),,10.74666151,59.91262527,-13288.996763779296,,,,,,,Capital Cities of the World
Settlement,Muscat (Capital of Oman),,58.375154,23.59780847,-48.62698825740813,,,,,,,Capital Cities of the World
Settlement,Islamabad (Capital of Pakistan),,73.04095399,33.70233598,-718.6045338458252,,,,,,,Capital Cities of the World
Settlement,Ngerulmud (Capital of Palau),,7.500341615,134.624233,268.17405237213137,,,,,,,Capital Cities of the World
Settlement,Ramallah (Capital of Palestine),,35.2040084,31.90375164,-8040.605937509766,,,,,,,Capital Cities of the World
Settlement,Panama City (Capital of Panama),,-79.53271289,8.989031495,9201.727733554688,,,,,,,Capital Cities of the World
Settlement,Port Moresby (Capital of Papua New Guinea),,-9.445622107,147.1805422,262.9053645523071,,,,,,,Capital Cities of the World
Settlement,Asunción (Capital of Paraguay),,-57.57267298,-25.26193296,-12435.030796953124,,,,,,,Capital Cities of the World
Settlement,Lima (Capital of Peru),,-77.04697796,-12.04803168,6867.229851630859,,,,,,,Capital Cities of the World
Settlement,Manila (Capital of Philippines),,14.59931242,120.983991,13.117437081565857,,,,,,,Capital Cities of the World
Settlement,Warsaw (Capital of Poland),,21.01674235,52.23324661,414.0610714746094,,,,,,,Capital Cities of the World
Settlement,Lisbon (Capital of Portugal),,-9.143607384,38.72229914,882.4005809814453,,,,,,,Capital Cities of the World
Settlement,Doha (Capital of Qatar),,51.5280869,25.29002588,547.90028,,,,,,,Capital Cities of the World
Settlement,Bucharest (Capital of Romania),,26.1063911,44.4277588,2244.74716361084,,,,,,,Capital Cities of the World
Settlement,Moscow (Capital of Russia),,37.60421193,55.7573497,2415.5649072070314,,,,,,,Capital Cities of the World
Settlement,Kigali (Capital of Rwanda),,30.06294428,-1.946961432,1685.1825202075195,,,,,,,Capital Cities of the World
Settlement,Basseterre (Capital of Saint Kitts and Nevis),,-62.71795589,17.30252174,-16544.691399980467,,,,,,,Capital Cities of the World
Settlement,Castries (Capital of Saint Lucia),,-60.9892116,14.01084005,-17375.80762982422,,,,,,,Capital Cities of the World
Settlement,Kingstown (Capital of Saint Vincent and the Grenadines),,-61.22782048,13.15840415,-16708.22397267578,,,,,,,Capital Cities of the World
Settlement,Apia (Capital of Samoa),,-13.83191737,-171.7679304,31.451763824119567,,,,,,,Capital Cities of the World
Settlement,San Marino (Capital of San Marino),,12.45687037,43.93594035,-116.79893777297974,,,,,,,Capital Cities of the World
Settlement,São Tomé (Capital of São Tomé and Príncipe),,6.728781037,0.336975685,462.51774062744124,,,,,,,Capital Cities of the World
Settlement,Riyadh (Capital of Saudi Arabia),,46.67841344,24.72222028,1318.769121694336,,,,,,,Capital Cities of the World
Settlement,Dakar (Capital of Senegal),,-17.46694658,14.71663487,3641.7324,,,,,,,Capital Cities of the World
Settlement,Belgrade (Capital of Serbia),,20.45209685,44.81263867,2242.004185930176,,,,,,,Capital Cities of the World
Settlement,Victoria (Capital of Seychelles),,55.45225579,-4.621166943,58.06239131187438,,,,,,,Capital Cities of the World
Settlement,Freetown (Capital of Sierra Leone),,-13.23678469,8.486457673,-15281.52474671875,,,,,,,Capital Cities of the World
Settlement,Singapore (Capital of Singapore),,1.292716266,103.8461331,119.96820288055417,,,,,,,Capital Cities of the World
Settlement,Bratislava (Capital of Slovakia),,17.10738329,48.14749865,2512.4532146899414,,,,,,,Capital Cities of the World
Settlement,Ljubljana (Capital of Slovenia),,14.50611881,46.05497492,4837.938198203125,,,,,,,Capital Cities of the World
Settlement,Honiara (Capital of Solomon Islands),,-9.430871452,159.9573122,12.085930173501968,,,,,,,Capital Cities of the World
Settlement,Mogadishu (Capital of Somalia),,45.33832375,2.038198019,1957.9267752905273,,,,,,,Capital Cities of the World
Settlement,Pretoria (Capital of South Africa),,28.18995486,-25.76280956,-17409.38818064453,,,,,,,Capital Cities of the World
Settlement,Seoul (Capital of South Korea),,37.55591231,126.9946204,204.1009157267761,,,,,,,Capital Cities of the World
Settlement,Juba (Capital of South Sudan),,31.58303077,4.854016859,645.4114044146728,,,,,,,Capital Cities of the World
Settlement,Madrid (Capital of Spain),,-3.690321431,40.41574704,-3223.950346538086,,,,,,,Capital Cities of the World
Settlement,Sri Jayawardenepura Kotte (Capital of Sri Lanka),,79.91698009,6.886831034,-2595.5008789160156,,,,,,,Capital Cities of the World
Settlement,Khartoum (Capital of Sudan),,32.5359003,15.59850587,-1002.0249855114746,,,,,,,Capital Cities of the World
Settlement,Paramaribo (Capital of Suriname),,-55.20221428,5.851390256,-8321.546285195313,,,,,,,Capital Cities of the World
Settlement,Stockholm (Capital of Sweden),,18.05608605,59.33244866,-11853.67492,,,,,,,Capital Cities of the World
Settlement,Bern (Capital of Switzerland),,7.44795682,46.94742656,1634.3356077282715,,,,,,,Capital Cities of the World
Settlement,Damascus (Capital of Syria),,36.27720096,33.51721811,842.8956349084473,,,,,,,Capital Cities of the World
Settlement,Taipei (Capital of Taiwan),,25.02916609,121.570575,72.01291988059998,,,,,,,Capital Cities of the World
Settlement,Dushanbe (Capital of Tajikistan),,68.7857708,38.55830734,-447.74049404479973,,,,,,,Capital Cities of the World
Settlement,Dodoma (Capital of Tanzania),,35.74637443,-6.181814074,-488.47250111084,,,,,,,Capital Cities of the World
Settlement,Bangkok (Capital of Thailand),,13.77308521,100.5079059,9.014021668815612,,,,,,,Capital Cities of the World
Settlement,Dili (Capital of Timor-Leste),,-8.556240932,125.5801117,23.73388039701462,,,,,,,Capital Cities of the World
Settlement,Lomé (Capital of Togo),,1.217166755,6.132468852,-10925.777114101562,,,,,,,Capital Cities of the World
Settlement,Nuku?alofa (Capital of Tonga),,-21.13551283,-175.2006179,20.744876323928832,,,,,,,Capital Cities of the World
Settlement,Port of Spain (Capital of Trinidad and Tobago),,-61.51031317,10.66057711,-17587.67812544922,,,,,,,Capital Cities of the World
Settlement,Tunis (Capital of Tunisia),,10.18266072,36.81131795,4533.942260048828,,,,,,,Capital Cities of the World
Settlement,Ankara (Capital of Turkey),,32.86305,39.93410789,2397.2197170874024,,,,,,,Capital Cities of the World
Settlement,Ashgabat (Capital of Turkmenistan),,58.31618908,37.95796395,318.24148,,,,,,,Capital Cities of the World
Settlement,Funafuti (Capital of Tuvalu),,-8.517240258,179.1209985,-96.44341589698793,,,,,,,Capital Cities of the World
Settlement,Kampala (Capital of Uganda),,32.57976726,0.315084926,2742.1758933496094,,,,,,,Capital Cities of the World
Settlement,Kyiv (Capital of Ukraine),,30.51651622,50.45454438,1411.0199185839845,,,,,,,Capital Cities of the World
Settlement,Abu Dhabi (Capital of United Arab Emirates),,54.40206351,24.45811351,472.3165067492675,,,,,,,Capital Cities of the World
Settlement,London (Capital of United Kingdom),,-0.13392861,51.51008193,-16667.48260408203,,,,,,,Capital Cities of the World
Settlement,Washington DC (Capital of United States),,-77.03549291,38.90493585,12377.90044709961,,,,,,,Capital Cities of the World
Settlement,Montevideo (Capital of Uruguay),,-56.16544759,-34.90303999,-11520.350066455077,,,,,,,Capital Cities of the World
Settlement,Tashkent (Capital of Uzbekistan),,69.23948477,41.29736769,-307.53642287872316,,,,,,,Capital Cities of the World
Settlement,Port Vila (Capital of Vanuatu),,-17.72354519,168.3104518,47.35592933567047,,,,,,,Capital Cities of the World
Settlement,Vatican City (Capital of Vatican City),,12.45714721,41.9023298,2106.927854020996,,,,,,,Capital Cities of the World
Settlement,Caracas (Capital of Venezuela),,-66.90267238,10.48053673,-9960.633443945313,,,,,,,Capital Cities of the World
Settlement,Hanoi (Capital of Vietnam),,21.02606164,105.8331216,33.30596895240784,,,,,,,Capital Cities of the World
Settlement,Sana'a (Capital of Yemen),,44.205789,15.36139863,343.10709932373067,,,,,,,Capital Cities of the World
Settlement,Lusaka (Capital of Zambia),,28.28296937,-15.41549035,-9501.10278158203,,,,,,,Capital Cities of the World
Settlement,Harare (Capital of Zimbabwe),,31.05493365,-17.8295868,-15000.00048,,,,,,,Capital Cities of the World